red_band_mean,red_band_var,red_band_std,red_band_kurtosis,red_band_skew,green_band_mean,green_band_var,green_band_std,green_band_kurtosis,green_band_skew,blue_band_mean,blue_band_var,blue_band_std,blue_band_kurtosis,blue_band_skew,image_class
0.000931573090516762,0.0005673338141473547,0.02381877020644338,1.090751020639539,0.008746690412761021,0.0007891095374158111,0.0005260516105982,0.022935815019270625,1.1329655835071826,-0.03582350340278708,0.0011546992550759993,0.0005734673473499244,0.02381877020644338,0.9269310408932463,0.12938847998918915,0
